/*

1. Write a query to concat strings "MySQL","is","Fun"
mysql> select concat('MySQL','Is','Fun');
+----------------------------+
| concat('MySQL','Is','Fun') |
+----------------------------+
| MySQLIsFun                 |
+----------------------------+
1 row in set (0.01 sec)

2. Write query to replace "Coding" with "MySQL" in the sentence:
"I Love Coding"
mysql> select replace('I Love Coding','Coding','MySQL');
+-------------------------------------------+
| replace('I Love Coding','Coding','MySQL') |
+-------------------------------------------+
| I Love MySQL                              |
+-------------------------------------------+
1 row in set (0.01 sec)

3.Write a query to display the number of characters from "I Love India"
mysql> select Length('I Love India');
+------------------------+
| Length('I Love India') |
+------------------------+
|                     12 |
+------------------------+
1 row in set (0.00 sec)


*/